id,first_name,last_name,phone,email,company
1,Antonio,Roberts,359-(553)463-6524,aroberts0@domainmarket.com,Meetz
2,Heather,Larson,84-(613)957-8604,hlarson1@slashdot.org,Mybuzz
3,Pamela,Gutierrez,380-(202)765-7522,pgutierrez2@dell.com,Viva
4,Amy,Butler,81-(419)467-9699,abutler3@surveymonkey.com,Oyonder
5,Victor,Porter,62-(532)954-6370,vporter4@timesonline.co.uk,Divavu
6,Jose,Perez,7-(377)632-1333,jperez5@icq.com,Yacero
7,Joyce,Ryan,31-(920)904-5546,jryan6@cbsnews.com,Flashdog
8,Louise,Gray,55-(390)921-7999,lgray7@uiuc.edu,Lazz
9,Jonathan,Medina,54-(942)130-9302,jmedina8@who.int,Skiba
10,Benjamin,Banks,86-(340)340-9318,bbanks9@bloglines.com,Skalith
11,Lois,Wheeler,595-(296)370-0769,lwheelera@1688.com,Dynabox
12,John,Fowler,58-(753)546-8438,jfowlerb@macromedia.com,Feedfish
13,Aaron,Parker,33-(850)934-4116,aparkerc@amazon.com,Eare
14,Betty,Watkins,84-(749)857-2389,bwatkinsd@cyberchimps.com,Yotz
15,Roy,Jenkins,55-(276)973-2776,rjenkinse@answers.com,Ntag
16,Antonio,Cole,86-(125)614-6214,acolef@tinyurl.com,Zava
17,Christopher,Howell,351-(867)989-7137,chowellg@mlb.com,Kwideo
18,Samuel,Grant,692-(124)687-5759,sgranth@canalblog.com,Oyoyo
19,Jerry,Medina,86-(751)205-6969,jmedinai@smugmug.com,Eayo
20,Harry,Powell,86-(430)598-8236,hpowellj@macromedia.com,Shufflebeat
21,Tammy,Gray,381-(855)231-8595,tgrayk@auda.org.au,Trunyx
22,Roy,Alvarez,972-(918)823-8838,ralvarezl@symantec.com,Tazz
23,Henry,Franklin,389-(785)259-6711,hfranklinm@zdnet.com,Voonder
24,Lawrence,Diaz,52-(347)698-1546,ldiazn@businesswire.com,Wordware
25,Samuel,Grant,33-(265)274-5683,sgranto@zdnet.com,Zoozzy
26,Judy,Mcdonald,7-(166)533-9339,jmcdonaldp@pagesperso-orange.fr,Mydeo
27,Daniel,Graham,47-(515)784-4282,dgrahamq@kickstarter.com,Skynoodle
28,Catherine,Gutierrez,212-(121)998-1464,cgutierrezr@huffingtonpost.com,Dynabox
29,Judith,Watkins,55-(401)490-8964,jwatkinss@icq.com,Twinder
30,Henry,Jackson,86-(317)799-0280,hjacksont@sitemeter.com,Twitterwire
31,Ashley,Alvarez,963-(234)561-6371,aalvarezu@ucsd.edu,Aivee
32,Roy,Martinez,60-(195)749-0539,rmartinezv@cafepress.com,Zoomlounge
33,Gerald,Tucker,66-(112)165-3242,gtuckerw@google.cn,Omba
34,Christopher,James,31-(385)724-0120,cjamesx@4shared.com,Rhyloo
35,Theresa,Williams,55-(514)361-9481,twilliamsy@wikispaces.com,Teklist
36,Julie,Dixon,7-(209)848-1563,jdixonz@shareasale.com,Mudo
37,Louis,Bowman,86-(928)413-0667,lbowman10@psu.edu,Quamba
38,Tammy,Nelson,967-(872)188-5534,tnelson11@squarespace.com,Lajo
39,Matthew,Ortiz,33-(544)990-5039,mortiz12@homestead.com,Youtags
40,Carol,Foster,55-(141)890-7284,cfoster13@oaic.gov.au,Linktype
41,Sharon,Turner,86-(967)789-0297,sturner14@abc.net.au,Nlounge
42,Paula,Hunter,27-(343)355-7176,phunter15@infoseek.co.jp,Dabjam
43,Victor,Evans,420-(674)138-6852,vevans16@wiley.com,Roodel
44,Edward,Palmer,380-(441)499-8306,epalmer17@xrea.com,Youspan
45,Nicholas,Hawkins,86-(682)511-2200,nhawkins18@last.fm,Devbug
46,Kathryn,Hill,1-(858)627-4914,khill19@jigsy.com,Flashset
47,Phillip,Webb,81-(892)356-1728,pwebb1a@soundcloud.com,Geba
48,Fred,Scott,86-(908)591-5692,fscott1b@drupal.org,Myworks
49,Lori,Hawkins,86-(839)998-8488,lhawkins1c@blogspot.com,Voonyx
50,Theresa,Black,81-(363)566-8754,tblack1d@php.net,Skaboo
51,Sharon,Weaver,33-(472)958-8003,sweaver1e@imageshack.us,Yakidoo
52,Andrea,Garrett,886-(245)506-7302,agarrett1f@ed.gov,Eire
53,Walter,Phillips,62-(373)849-4015,wphillips1g@rakuten.co.jp,Skidoo
54,Patrick,Long,63-(699)886-5685,plong1h@gmpg.org,Topdrive
55,Judy,Fernandez,62-(409)139-1220,jfernandez1i@pagesperso-orange.fr,Browsedrive
56,Joseph,Bell,1-(714)962-4411,jbell1j@nps.gov,Blogpad
57,Karen,Bell,33-(474)769-5445,kbell1k@hexun.com,Skiba
58,Pamela,Crawford,7-(728)312-9299,pcrawford1l@netvibes.com,Quimba
59,Louise,Alvarez,34-(392)979-4084,lalvarez1m@squidoo.com,Tanoodle
60,Harold,Burke,1-(247)411-3809,hburke1n@amazon.de,Flipstorm
61,Craig,Carr,212-(825)804-9718,ccarr1o@eventbrite.com,Oyoyo
62,Patricia,Harvey,33-(183)848-7438,pharvey1p@hugedomains.com,Kwilith
63,Louise,Lawson,54-(243)351-4926,llawson1q@japanpost.jp,Realbuzz
64,Patrick,Mccoy,86-(740)288-3451,pmccoy1r@51.la,Edgeblab
65,Lisa,Crawford,225-(416)466-1801,lcrawford1s@123-reg.co.uk,Jaxworks
66,Shirley,Rivera,33-(988)757-9683,srivera1t@bloglines.com,Twitterworks
67,Brian,Thomas,689-(469)816-7463,bthomas1u@symantec.com,Linkbuzz
68,Philip,Wilson,62-(266)879-4071,pwilson1v@yelp.com,Dabshots
69,Barbara,Gray,55-(706)714-0019,bgray1w@fotki.com,Skipfire
70,Ruth,Hansen,55-(410)228-4511,rhansen1x@friendfeed.com,Tagpad
71,Jonathan,Fields,86-(509)261-3138,jfields1y@xinhuanet.com,Wikido
72,Barbara,Hill,1-(101)236-4069,bhill1z@wikimedia.org,Miboo
73,Nancy,Mendoza,48-(442)361-0437,nmendoza20@posterous.com,Jabbersphere
74,Katherine,Howell,7-(364)497-2190,khowell21@wordpress.org,Oyope
75,Ruth,Schmidt,54-(110)998-0115,rschmidt22@1688.com,Livetube
76,Kevin,Garcia,55-(130)132-4159,kgarcia23@state.tx.us,InnoZ
77,Craig,Anderson,358-(603)235-2368,canderson24@mozilla.org,Quimm
78,Julie,Bennett,7-(904)460-2096,jbennett25@hatena.ne.jp,Photobean
79,Raymond,Washington,51-(779)607-5656,rwashington26@hatena.ne.jp,Mycat
80,Irene,Jones,52-(342)757-8921,ijones27@51.la,Quamba
81,Jesse,Kelley,52-(336)638-7643,jkelley28@dailymotion.com,Oodoo
82,Laura,Myers,970-(990)722-6558,lmyers29@last.fm,Yodoo
83,Steve,Myers,48-(885)625-6607,smyers2a@yale.edu,Rhycero
84,Phyllis,Cruz,33-(642)799-1062,pcruz2b@issuu.com,Kwilith
85,Gerald,Hansen,62-(615)361-8149,ghansen2c@indiegogo.com,Edgetag
86,Diana,Bradley,55-(748)102-1723,dbradley2d@amazon.co.jp,Aivee
87,Helen,Johnston,242-(810)293-4637,hjohnston2e@yellowpages.com,Digitube
88,Ernest,Long,33-(954)811-2522,elong2f@indiatimes.com,Quimm
89,Heather,Carter,385-(944)239-0312,hcarter2g@sina.com.cn,Voomm
90,Jeffrey,Olson,351-(673)352-6401,jolson2h@mapquest.com,Eabox
91,Samuel,Perez,86-(990)739-7315,sperez2i@businesswire.com,Wordware
92,Ralph,Nguyen,420-(596)994-6448,rnguyen2j@zimbio.com,Voonder
93,Michael,Franklin,86-(317)260-4813,mfranklin2k@topsy.com,Flipbug
94,Karen,Stewart,58-(604)111-9764,kstewart2l@google.com.hk,Topicshots
95,Kelly,Knight,66-(659)710-4133,kknight2m@cbc.ca,Twitterbeat
96,Bonnie,Sullivan,62-(260)550-3187,bsullivan2n@jugem.jp,Eamia
97,Ruth,Gomez,48-(978)918-9052,rgomez2o@princeton.edu,Livetube
98,Diana,Powell,55-(311)219-1080,dpowell2p@bravesites.com,Browsetype
99,Gloria,Carpenter,48-(550)355-5807,gcarpenter2q@accuweather.com,LiveZ
100,Sara,Welch,86-(549)971-0099,swelch2r@woothemes.com,Kimia
101,Billy,Sims,86-(739)430-6806,bsims2s@livejournal.com,Kwilith
102,Kelly,White,86-(666)257-6807,kwhite2t@macromedia.com,Skinte
103,Kevin,Green,33-(812)397-1414,kgreen2u@washington.edu,Fivechat
104,Carol,Little,62-(919)877-7544,clittle2v@istockphoto.com,Thoughtmix
105,James,Fowler,86-(101)837-4513,jfowler2w@blinklist.com,Livetube
106,Chris,Barnes,976-(587)480-3824,cbarnes2x@noaa.gov,Rhycero
107,Pamela,Carroll,86-(759)375-3043,pcarroll2y@netvibes.com,Abata
108,Joyce,Morales,62-(458)953-7157,jmorales2z@ox.ac.uk,Livefish
109,Charles,Watson,880-(950)472-2210,cwatson30@indiegogo.com,Kanoodle
110,Tina,Wood,357-(723)491-3893,twood31@w3.org,Gabvine
111,Michael,Miller,46-(533)926-5964,mmiller32@adobe.com,Yombu
112,Christine,Marshall,250-(161)110-1573,cmarshall33@ed.gov,Rhynyx
113,Andrew,Watkins,351-(848)675-2019,awatkins34@last.fm,Zooveo
114,Todd,Willis,92-(789)453-8295,twillis35@umich.edu,Fiveclub
115,Jane,Gonzalez,55-(721)555-8101,jgonzalez36@amazonaws.com,Edgeify
116,Steven,Smith,1-(254)113-0070,ssmith37@wordpress.com,Rooxo
117,Christopher,Armstrong,57-(748)124-1335,carmstrong38@liveinternet.ru,Ainyx
118,Tina,Murphy,256-(801)207-5685,tmurphy39@gnu.org,Blogtag
119,Ashley,Johnston,86-(467)569-4710,ajohnston3a@moonfruit.com,Edgewire
120,Phillip,Peterson,93-(757)758-8068,ppeterson3b@pagesperso-orange.fr,Twinte
121,Marilyn,Taylor,63-(216)739-0767,mtaylor3c@topsy.com,Browseblab
122,Heather,Price,86-(766)613-9878,hprice3d@abc.net.au,Devpulse
123,Jason,Ray,62-(851)705-1235,jray3e@163.com,Bubbletube
124,Frances,Stewart,62-(323)813-0136,fstewart3f@earthlink.net,Yakijo
125,Janice,Parker,62-(663)525-4153,jparker3g@slate.com,Blogspan
126,Todd,Clark,977-(271)478-0644,tclark3h@rakuten.co.jp,Oloo
127,Johnny,Howell,420-(399)581-2838,jhowell3i@mit.edu,Devify
128,Irene,Shaw,86-(448)308-6561,ishaw3j@dailymail.co.uk,Podcat
129,Karen,Nichols,62-(947)469-8971,knichols3k@independent.co.uk,Voomm
130,Kathy,Gilbert,48-(963)730-9185,kgilbert3l@aol.com,Kazio
131,Douglas,Rogers,92-(962)499-6672,drogers3m@nsw.gov.au,Minyx
132,Edward,Ward,20-(339)730-5959,eward3n@skyrock.com,Livetube
133,Phillip,Johnston,7-(940)759-4362,pjohnston3o@imageshack.us,Blogtag
134,Julie,Lee,62-(480)227-7760,jlee3p@clickbank.net,Skinix
135,Kevin,Carpenter,63-(629)684-5491,kcarpenter3q@simplemachines.org,Topiczoom
136,Amanda,Lewis,48-(995)651-2221,alewis3r@paypal.com,Voolith
137,Sharon,Torres,234-(153)183-0857,storres3s@sfgate.com,Yakitri
138,Kevin,Reynolds,86-(932)537-5067,kreynolds3t@unesco.org,Dynazzy
139,Richard,Collins,62-(231)312-8274,rcollins3u@youtu.be,Quaxo
140,Charles,Stone,46-(453)699-8168,cstone3v@privacy.gov.au,LiveZ
141,Russell,Romero,7-(542)457-0422,rromero3w@who.int,Omba
142,Harold,Martinez,7-(401)860-2455,hmartinez3x@sogou.com,Quamba
143,Carol,Wallace,86-(865)306-6628,cwallace3y@google.com,Youspan
144,Gerald,Ferguson,48-(256)401-7548,gferguson3z@smugmug.com,Yamia
145,Cheryl,Walker,84-(283)427-4204,cwalker40@dedecms.com,Meedoo
146,Timothy,Jones,86-(985)926-5781,tjones41@quantcast.com,Devify
147,Mary,Morgan,95-(596)477-2102,mmorgan42@nydailynews.com,Babblestorm
148,Christine,Duncan,62-(261)547-7078,cduncan43@icio.us,Leexo
149,Timothy,Franklin,51-(927)535-8448,tfranklin44@multiply.com,Janyx
150,Sandra,Hunt,62-(331)558-1748,shunt45@wordpress.com,Jabberstorm
151,Eric,Austin,44-(142)135-0013,eaustin46@webmd.com,Browseblab
152,Cynthia,Lopez,56-(194)768-9398,clopez47@meetup.com,Avavee
153,Fred,Martin,48-(881)359-0920,fmartin48@geocities.jp,LiveZ
154,Janice,Rose,63-(639)993-2245,jrose49@npr.org,Skivee
155,Donna,Bowman,62-(575)189-2059,dbowman4a@senate.gov,Skajo
156,Edward,Young,46-(726)711-3726,eyoung4b@kickstarter.com,Yakitri
157,Shirley,Morgan,63-(763)926-1997,smorgan4c@miitbeian.gov.cn,Brightdog
158,Jessica,Shaw,55-(674)446-8168,jshaw4d@dmoz.org,Kayveo
159,Debra,Hicks,249-(584)255-1639,dhicks4e@barnesandnoble.com,Trunyx
160,Walter,Andrews,51-(427)255-6078,wandrews4f@goo.ne.jp,Eabox
161,Christine,Wheeler,420-(202)422-0305,cwheeler4g@ustream.tv,Blogpad
162,Janice,Gutierrez,62-(637)645-2355,jgutierrez4h@google.ca,Riffwire
163,Kathryn,Bryant,20-(546)835-8735,kbryant4i@t.co,Flashdog
164,Roy,Carpenter,62-(682)381-3712,rcarpenter4j@seesaa.net,Browsebug
165,Roger,Sims,30-(361)195-6242,rsims4k@ocn.ne.jp,Wikibox
166,Rachel,Hanson,86-(744)931-4786,rhanson4l@google.de,Avavee
167,Phyllis,Bryant,54-(221)512-7173,pbryant4m@miibeian.gov.cn,Realblab
168,Helen,Cole,7-(670)206-4416,hcole4n@eepurl.com,Layo
169,Todd,Perez,86-(615)115-2119,tperez4o@army.mil,Dynazzy
170,Aaron,Romero,86-(678)122-0775,aromero4p@umn.edu,Yodoo
171,Timothy,Coleman,380-(144)541-6919,tcoleman4q@psu.edu,Kayveo
172,Margaret,Ryan,46-(966)826-7352,mryan4r@cisco.com,Realmix
173,Deborah,Nguyen,380-(702)591-0515,dnguyen4s@godaddy.com,Teklist
174,Martha,Hawkins,380-(496)239-5333,mhawkins4t@about.com,Skippad
175,Russell,Myers,33-(262)626-5834,rmyers4u@instagram.com,Yabox
176,Linda,Ramos,48-(675)391-7596,lramos4v@sina.com.cn,Ailane
177,Denise,Hall,251-(322)403-9978,dhall4w@bluehost.com,Gabspot
178,Julie,Ortiz,86-(624)111-7092,jortiz4x@sun.com,Wikido
179,Phyllis,Spencer,351-(811)494-3999,pspencer4y@com.com,Thoughtbeat
180,Judy,Henry,62-(682)238-0610,jhenry4z@xinhuanet.com,Livetube
181,Earl,Hicks,46-(961)306-8880,ehicks50@salon.com,Centidel
182,Joseph,Carter,216-(999)333-6829,jcarter51@naver.com,Eamia
183,Jack,Ross,62-(529)506-7644,jross52@nasa.gov,Geba
184,Stephanie,Arnold,1-(419)574-0371,sarnold53@google.pl,Brainbox
185,Brenda,Alvarez,33-(707)119-3208,balvarez54@xinhuanet.com,Cogilith
186,Emily,Anderson,86-(870)118-6886,eanderson55@mozilla.com,BlogXS
187,Michelle,Wright,261-(714)920-4366,mwright56@dedecms.com,Kazu
188,Virginia,Richards,86-(686)863-5353,vrichards57@vk.com,Linktype
189,Melissa,Schmidt,55-(581)807-7686,mschmidt58@bizjournals.com,Jaxworks
190,Helen,Tucker,66-(281)627-9236,htucker59@go.com,Edgeclub
191,Adam,Cole,967-(428)332-7838,acole5a@upenn.edu,Buzzshare
192,Roy,Meyer,7-(430)929-3997,rmeyer5b@google.com.au,Ozu
193,Margaret,Peters,86-(353)605-4273,mpeters5c@unblog.fr,Wikido
194,Tina,Young,93-(565)675-1992,tyoung5d@list-manage.com,Ozu
195,Kathleen,Sullivan,86-(789)144-8455,ksullivan5e@discuz.net,Eidel
196,Kimberly,Lewis,855-(774)225-1828,klewis5f@google.es,Dabjam
197,Jessica,Medina,86-(443)916-5446,jmedina5g@ed.gov,Roodel
198,Sharon,Hernandez,7-(510)781-8682,shernandez5h@vistaprint.com,Kare
199,Edward,Wells,359-(931)353-7928,ewells5i@blog.com,Trudoo
200,Rose,Ross,62-(834)730-6831,rross5j@archive.org,Linkbridge
201,George,Moore,420-(155)813-3432,gmoore5k@zdnet.com,Bubblemix
202,Shawn,Lawson,62-(841)848-6816,slawson5l@fema.gov,Leexo
203,Terry,Snyder,34-(661)938-9813,tsnyder5m@twitter.com,LiveZ
204,Christine,Reid,63-(994)635-0993,creid5n@gravatar.com,Jamia
205,Anna,Johnson,86-(696)481-1804,ajohnson5o@microsoft.com,Livepath
206,Brenda,Jackson,269-(522)247-4471,bjackson5p@nationalgeographic.com,Quimm
207,Ryan,Little,66-(130)837-8419,rlittle5q@umn.edu,Lazzy
208,Donald,Richards,359-(583)695-3001,drichards5r@facebook.com,Quamba
209,Nicole,Ferguson,855-(675)762-0789,nferguson5s@4shared.com,Leenti
210,Ronald,Lane,86-(398)369-5068,rlane5t@yandex.ru,Wikizz
211,Shirley,Gilbert,48-(682)111-0038,sgilbert5u@rakuten.co.jp,Oba
212,Eugene,Gonzalez,54-(186)387-1639,egonzalez5v@yandex.ru,Skipfire
213,Donald,Hansen,220-(430)223-8319,dhansen5w@google.com.au,Fivespan
214,Frances,Nelson,86-(764)335-8164,fnelson5x@prweb.com,Devpulse
215,Eric,Baker,502-(571)350-3601,ebaker5y@icq.com,Brainsphere
216,Betty,Rogers,33-(266)765-2000,brogers5z@flickr.com,Youtags
217,Kathy,Cook,63-(472)352-5496,kcook60@hostgator.com,Jaloo
218,Joyce,Diaz,86-(262)719-4746,jdiaz61@cam.ac.uk,Camido
219,Michelle,Bailey,62-(274)383-0607,mbailey62@chron.com,Mynte
220,Paul,Green,353-(292)885-6520,pgreen63@hp.com,JumpXS
221,Jeffrey,Taylor,968-(908)780-7820,jtaylor64@163.com,Divape
222,Jennifer,Roberts,62-(738)289-2494,jroberts65@wunderground.com,Rhyloo
223,Aaron,Powell,420-(815)753-9370,apowell66@theguardian.com,Teklist
224,Elizabeth,Green,62-(120)597-9489,egreen67@umn.edu,Innotype
225,Paula,Ortiz,232-(713)623-8149,portiz68@sbwire.com,Linklinks
226,Eugene,Cunningham,351-(139)592-0242,ecunningham69@paypal.com,Quatz
227,Jonathan,Berry,27-(780)680-5016,jberry6a@ycombinator.com,Eadel
228,Fred,Ramirez,86-(800)371-3436,framirez6b@webeden.co.uk,Wikizz
229,Judy,Frazier,375-(289)766-0518,jfrazier6c@dedecms.com,Topiclounge
230,Judy,Morris,995-(473)615-5944,jmorris6d@examiner.com,Linktype
231,Mark,Martinez,30-(443)193-6850,mmartinez6e@cafepress.com,Thoughtstorm
232,Andrew,Willis,7-(892)508-9855,awillis6f@mediafire.com,Quatz
233,Mary,Mendoza,63-(146)260-1658,mmendoza6g@netvibes.com,Blogtags
234,Brandon,Daniels,86-(205)893-8537,bdaniels6h@blogs.com,Zoonder
235,Elizabeth,Lawson,55-(355)611-5070,elawson6i@shutterfly.com,Mudo
236,Lori,Graham,56-(218)723-6684,lgraham6j@upenn.edu,Rhynyx
237,Henry,Bryant,7-(881)553-1178,hbryant6k@about.me,Skinix
238,Michelle,Reyes,1-(907)222-2523,mreyes6l@ca.gov,Tazz
239,Nicole,Thomas,62-(549)364-9991,nthomas6m@cyberchimps.com,Blogpad
240,Victor,Cunningham,63-(803)858-8003,vcunningham6n@forbes.com,Oyoloo
241,Aaron,Little,63-(428)576-0678,alittle6o@zdnet.com,Chatterbridge
242,Keith,Washington,51-(941)797-0431,kwashington6p@wordpress.org,Realbridge
243,Kathryn,Lynch,351-(539)227-5395,klynch6q@webmd.com,JumpXS
244,Angela,Long,374-(770)300-6121,along6r@a8.net,Aivee
245,Phillip,Washington,86-(214)430-5178,pwashington6s@vinaora.com,Trunyx
246,Jane,Sims,1-(434)997-3087,jsims6t@amazon.com,Lazzy
247,Benjamin,Vasquez,383-(680)135-1165,bvasquez6u@nsw.gov.au,Oyoyo
248,Lisa,Miller,86-(786)475-1875,lmiller6v@nhs.uk,Oyope
249,Willie,Mcdonald,46-(970)489-5840,wmcdonald6w@yelp.com,Aimbo
250,Albert,Powell,7-(778)804-6634,apowell6x@skyrock.com,Zoombeat
251,Frances,Wells,62-(607)956-9281,fwells6y@symantec.com,Quatz
252,Ryan,Weaver,54-(119)356-8823,rweaver6z@youku.com,Rhyloo
253,Ashley,Mendoza,375-(525)313-5981,amendoza70@cloudflare.com,Camimbo
254,Harold,Henry,58-(614)207-8854,hhenry71@time.com,Tagchat
255,Bruce,Turner,62-(969)587-4223,bturner72@skyrock.com,Roombo
256,Anna,Williamson,48-(859)458-0435,awilliamson73@answers.com,Skyndu
257,Marie,Stevens,93-(701)587-5149,mstevens74@pbs.org,Kaymbo
258,Lillian,Castillo,57-(535)395-9144,lcastillo75@bloomberg.com,Kimia
259,Ronald,Fowler,993-(190)813-4539,rfowler76@cornell.edu,Zoovu
260,Kathy,Berry,63-(875)758-5528,kberry77@mozilla.com,Tagcat
261,Patricia,Thomas,62-(163)962-5915,pthomas78@barnesandnoble.com,Kamba
262,Judy,Burton,504-(274)771-8367,jburton79@reference.com,Zoombeat
263,Walter,Ortiz,62-(434)526-5047,wortiz7a@myspace.com,Gigazoom
264,Joshua,Rodriguez,86-(683)412-6916,jrodriguez7b@ibm.com,Thoughtstorm
265,Jeremy,Griffin,60-(734)986-3583,jgriffin7c@dyndns.org,Dabvine
266,Denise,Armstrong,57-(168)309-3898,darmstrong7d@shop-pro.jp,Buzzbean
267,Martin,Knight,62-(704)835-3846,mknight7e@umich.edu,Mydeo
268,Lisa,Castillo,62-(999)624-1629,lcastillo7f@reference.com,Oyoyo
269,Linda,Arnold,86-(969)689-1117,larnold7g@hao123.com,Skajo
270,Harry,Carr,62-(243)368-3831,hcarr7h@liveinternet.ru,Muxo
271,Bruce,Ryan,7-(538)815-2638,bryan7i@wsj.com,Plambee
272,Robert,Murray,55-(390)499-4725,rmurray7j@123-reg.co.uk,Fadeo
273,Jason,Turner,255-(722)402-7137,jturner7k@deliciousdays.com,Jabbersphere
274,Annie,Gordon,86-(611)748-3514,agordon7l@time.com,Wikizz
275,Kimberly,Griffin,975-(674)775-3444,kgriffin7m@lycos.com,Skippad
276,Phyllis,Woods,380-(880)570-1682,pwoods7n@example.com,Mita
277,Irene,Simmons,380-(106)999-4350,isimmons7o@ebay.co.uk,Camimbo
278,Ann,Kennedy,351-(675)229-9320,akennedy7p@sciencedirect.com,Jaxspan
279,Martin,Ellis,53-(225)229-4380,mellis7q@jalbum.net,Roodel
280,Brian,Reid,267-(410)160-9862,breid7r@vkontakte.ru,Yakidoo
281,Chris,Morris,84-(833)765-4711,cmorris7s@surveymonkey.com,Brainbox
282,Gary,Turner,380-(672)369-4716,gturner7t@toplist.cz,Eadel
283,Daniel,Sims,963-(281)331-3703,dsims7u@bloomberg.com,Topiczoom
284,Matthew,Snyder,62-(853)293-8757,msnyder7v@domainmarket.com,Shuffledrive
285,Katherine,Lopez,93-(361)609-0863,klopez7w@abc.net.au,Ainyx
286,Alice,Andrews,86-(665)942-4398,aandrews7x@unicef.org,Topicware
287,Victor,Frazier,1-(200)437-0925,vfrazier7y@altervista.org,Photolist
288,Louise,Carroll,7-(926)120-0970,lcarroll7z@state.gov,Kwideo
289,Ruth,Williamson,66-(612)512-5799,rwilliamson80@time.com,Eazzy
290,Chris,Hudson,380-(416)344-2816,chudson81@themeforest.net,Shufflebeat
291,Randy,Morris,66-(336)446-7319,rmorris82@biglobe.ne.jp,Linkbridge
292,Pamela,Stewart,86-(373)192-7892,pstewart83@quantcast.com,Wikibox
293,Eric,Dean,380-(190)643-7730,edean84@blogspot.com,Yakidoo
294,Melissa,George,7-(964)307-9477,mgeorge85@sbwire.com,Avavee
295,Maria,Gardner,48-(262)774-2536,mgardner86@narod.ru,Janyx
296,Frances,Hamilton,27-(675)307-5247,fhamilton87@hostgator.com,Gigaclub
297,Kenneth,Ross,48-(532)660-8007,kross88@dion.ne.jp,Trilia
298,Sarah,Young,351-(840)141-2456,syoung89@nbcnews.com,Youfeed
299,Wayne,Hall,86-(966)524-5101,whall8a@ocn.ne.jp,Eazzy
300,Paul,Perry,62-(670)644-3403,pperry8b@w3.org,Livepath
301,Alice,Arnold,55-(895)939-9661,aarnold8c@nasa.gov,Meetz
302,Michael,Richards,237-(765)591-7700,mrichards8d@washington.edu,Photolist
303,Julia,Vasquez,63-(232)506-6243,jvasquez8e@google.com.au,Yombu
304,Douglas,Jackson,381-(320)247-8154,djackson8f@bloglovin.com,Zoonoodle
305,Keith,Miller,48-(896)383-9192,kmiller8g@pen.io,Gigazoom
306,Doris,Miller,81-(929)964-1374,dmiller8h@cornell.edu,Quatz
307,Roger,Hill,33-(431)520-1550,rhill8i@linkedin.com,Shufflebeat
308,Emily,Garcia,506-(935)379-7969,egarcia8j@nature.com,Zoonoodle
309,Nancy,King,963-(589)816-6009,nking8k@163.com,Skyvu
310,Wanda,Hawkins,420-(219)754-8389,whawkins8l@ycombinator.com,Tanoodle
311,Raymond,Gilbert,93-(305)822-9622,rgilbert8m@unesco.org,Zoombeat
312,Teresa,Holmes,359-(263)521-1378,tholmes8n@home.pl,Linkbridge
313,Virginia,Ellis,230-(425)814-4546,vellis8o@aol.com,Zoomlounge
314,Jennifer,Reynolds,504-(799)984-4314,jreynolds8p@networkadvertising.org,Buzzdog
315,Louise,Burns,55-(813)912-6054,lburns8q@merriam-webster.com,Flashspan
316,Sara,Sanders,86-(441)783-8356,ssanders8r@imgur.com,Yakidoo
317,Maria,Fuller,62-(180)867-0684,mfuller8s@house.gov,Tagtune
318,Jacqueline,Fields,386-(191)338-8326,jfields8t@usatoday.com,Meedoo
319,Julie,Morris,358-(220)949-9339,jmorris8u@bluehost.com,Linktype
320,Phyllis,Lynch,593-(719)616-8151,plynch8v@unicef.org,Realbridge
321,Jason,Cooper,62-(699)828-1929,jcooper8w@1und1.de,Feednation
322,Joe,Cook,63-(803)224-4681,jcook8x@twitter.com,Avavee
323,Joan,Gordon,55-(142)245-7972,jgordon8y@geocities.com,Pixoboo
324,Bruce,Carroll,420-(172)680-5776,bcarroll8z@twitter.com,Wikizz
325,Diana,Alvarez,86-(707)456-6522,dalvarez90@si.edu,Yakijo
326,Carl,Cole,33-(511)339-3263,ccole91@house.gov,Rhyloo
327,Annie,Griffin,45-(418)177-0078,agriffin92@berkeley.edu,Fliptune
328,Jason,Graham,7-(481)979-6382,jgraham93@com.com,Gevee
329,Juan,Cruz,92-(834)808-8450,jcruz94@apple.com,Zoomlounge
330,Jeremy,Lee,502-(712)538-8106,jlee95@livejournal.com,Dabjam
331,Keith,Moreno,385-(191)780-6202,kmoreno96@surveymonkey.com,Vinder
332,Beverly,Mills,53-(854)322-8976,bmills97@msn.com,Kamba
333,Ashley,Powell,7-(455)349-4986,apowell98@about.me,Zoomdog
334,Carolyn,Adams,86-(782)578-1866,cadams99@cbslocal.com,Topiczoom
335,Steve,Payne,46-(949)675-6947,spayne9a@si.edu,Buzzbean
336,Brian,Dixon,1-(610)940-0722,bdixon9b@a8.net,Edgeblab
337,Irene,Jacobs,1-(912)895-8457,ijacobs9c@wp.com,Dabtype
338,Mary,Little,86-(974)791-6240,mlittle9d@facebook.com,Topicblab
339,Wayne,Hughes,7-(470)155-6364,whughes9e@microsoft.com,Skimia
340,Kathleen,Simmons,7-(899)932-2679,ksimmons9f@paypal.com,Jaxspan
341,Lori,Smith,7-(531)351-0831,lsmith9g@scribd.com,Rhyloo
342,Jesse,Foster,358-(144)915-0503,jfoster9h@patch.com,Bubblemix
343,Elizabeth,Carroll,234-(792)838-1171,ecarroll9i@google.pl,Mynte
344,Virginia,Martin,380-(178)778-2643,vmartin9j@wufoo.com,Skinte
345,Lori,Greene,55-(694)647-5315,lgreene9k@cnbc.com,Podcat
346,Cheryl,Sims,62-(590)134-8759,csims9l@mayoclinic.com,Kwilith
347,Charles,Elliott,46-(902)376-2429,celliott9m@newyorker.com,Meedoo
348,Elizabeth,Gray,33-(675)327-9279,egray9n@virginia.edu,Trilia
349,Lois,Burton,212-(207)277-3419,lburton9o@hubpages.com,Dynabox
350,Bruce,Long,86-(550)988-3108,blong9p@engadget.com,Gabspot
351,Bobby,Lawson,30-(398)517-0777,blawson9q@people.com.cn,Snaptags
352,Bonnie,Peterson,62-(125)371-3512,bpeterson9r@github.com,Eadel
353,Elizabeth,Wagner,54-(389)510-1265,ewagner9s@tripod.com,Bluejam
354,Cynthia,Anderson,47-(249)782-2629,canderson9t@arizona.edu,Skippad
355,Phillip,Cole,1-(908)441-1377,pcole9u@nifty.com,Fiveclub
356,Frances,Ramirez,86-(593)934-3964,framirez9v@cbc.ca,Shufflester
357,Deborah,Chavez,86-(362)967-6220,dchavez9w@businessweek.com,Dabvine
358,Ann,Harper,86-(911)886-6091,aharper9x@time.com,Voonder
359,Peter,Ellis,45-(971)661-5350,pellis9y@360.cn,Meembee
360,Barbara,Washington,86-(566)502-9689,bwashington9z@scientificamerican.com,Youopia
361,Keith,Garrett,62-(756)939-6004,kgarretta0@tinyurl.com,Zoombeat
362,Philip,Kennedy,53-(818)503-9725,pkennedya1@engadget.com,Agimba
363,Arthur,Medina,81-(710)348-0629,amedinaa2@clickbank.net,Yotz
364,Kathryn,Austin,234-(179)115-9562,kaustina3@yellowbook.com,Babbleopia
365,Carlos,Foster,62-(434)283-0866,cfostera4@about.com,Avavee
366,Rose,Ward,86-(964)941-9383,rwarda5@who.int,Flashdog
367,Helen,Martin,86-(700)985-5299,hmartina6@etsy.com,Skynoodle
368,Rose,Martinez,1-(570)389-1322,rmartineza7@wordpress.com,Meevee
369,Michael,Hawkins,33-(812)136-8916,mhawkinsa8@aol.com,Meetz
370,Laura,George,86-(313)727-3323,lgeorgea9@webmd.com,Jetwire
371,Dennis,Oliver,86-(512)262-8819,doliveraa@salon.com,Kanoodle
372,Eric,King,86-(791)584-2502,ekingab@indiatimes.com,Bubblemix
373,Julia,Peters,55-(451)386-7547,jpetersac@china.com.cn,Wikido
374,Dorothy,Bell,380-(720)425-1979,dbellad@pcworld.com,Devshare
375,Robert,Watkins,86-(729)187-2513,rwatkinsae@auda.org.au,Devpoint
376,Susan,George,233-(563)463-6897,sgeorgeaf@storify.com,Kwinu
377,Henry,Hudson,86-(624)570-4633,hhudsonag@timesonline.co.uk,Jaloo
378,Jeffrey,Ward,375-(506)914-5575,jwardah@facebook.com,Blogspan
379,Jessica,Stanley,46-(534)560-1321,jstanleyai@salon.com,Meevee
380,Russell,Johnston,86-(239)191-6896,rjohnstonaj@bing.com,Linklinks
381,Harold,Cooper,49-(772)673-7841,hcooperak@discovery.com,Centidel
382,Paula,Thomas,62-(337)991-2603,pthomasal@reuters.com,Shufflebeat
383,Denise,Johnston,1-(710)693-0888,djohnstonam@tamu.edu,Riffpedia
384,Carol,Sims,84-(159)453-0095,csimsan@uiuc.edu,Bluezoom
385,Anthony,Cole,58-(457)523-7530,acoleao@google.com,Reallinks
386,Jeffrey,Rice,86-(480)894-0427,jriceap@sitemeter.com,Skyba
387,Shawn,Carroll,86-(630)833-8430,scarrollaq@netlog.com,Abatz
388,Irene,Robertson,55-(357)418-2449,irobertsonar@oaic.gov.au,Skyndu
389,Mildred,Lane,34-(868)688-0760,mlaneas@feedburner.com,Brightbean
390,Barbara,Thompson,351-(869)917-9600,bthompsonat@sun.com,Photobean
391,Michelle,Perry,355-(294)965-3656,mperryau@newyorker.com,Meevee
392,Dennis,Wagner,237-(156)734-5528,dwagnerav@uiuc.edu,Buzzbean
393,Shirley,Hamilton,86-(969)761-0254,shamiltonaw@sakura.ne.jp,Dabvine
394,Adam,Hart,34-(121)257-4322,ahartax@smh.com.au,Yotz
395,Doris,Russell,976-(554)128-5239,drussellay@reverbnation.com,Ainyx
396,Joe,Franklin,86-(893)807-5323,jfranklinaz@barnesandnoble.com,Tavu
397,Irene,Ortiz,62-(782)603-1715,iortizb0@bandcamp.com,Browsezoom
398,Timothy,Franklin,268-(783)394-6122,tfranklinb1@stumbleupon.com,Voonder
399,Kimberly,Ortiz,55-(867)606-1431,kortizb2@yelp.com,Livepath
400,Paula,Dunn,234-(811)521-9535,pdunnb3@wordpress.com,Realbridge
401,Janice,Tucker,30-(372)263-4207,jtuckerb4@hatena.ne.jp,Agimba
402,Theresa,Allen,351-(933)926-7898,tallenb5@flickr.com,Browsetype
403,Mark,Richardson,351-(153)201-9813,mrichardsonb6@ocn.ne.jp,Riffwire
404,Ruby,Bishop,86-(467)802-9330,rbishopb7@eventbrite.com,Mynte
405,Juan,Kennedy,46-(260)285-5932,jkennedyb8@techcrunch.com,Geba
406,Harold,Mccoy,86-(817)127-6749,hmccoyb9@washington.edu,Agivu
407,Janice,Nguyen,55-(195)697-5453,jnguyenba@quantcast.com,Jatri
408,Jason,Daniels,597-(266)127-9763,jdanielsbb@nymag.com,Devshare
409,Beverly,Bradley,212-(952)372-2567,bbradleybc@indiegogo.com,Demivee
410,Kimberly,Collins,7-(915)153-1392,kcollinsbd@myspace.com,Wordtune
411,Doris,Anderson,86-(787)782-4411,dandersonbe@joomla.org,Muxo
412,Sarah,Roberts,63-(357)158-4556,srobertsbf@issuu.com,Agimba
413,Mark,Watkins,48-(408)141-2011,mwatkinsbg@edublogs.org,Zoomdog
414,Pamela,Montgomery,62-(158)251-6561,pmontgomerybh@de.vu,Rhycero
415,Jean,Hart,212-(639)227-1254,jhartbi@weebly.com,Dazzlesphere
416,Margaret,Lee,1-(609)409-5958,mleebj@sfgate.com,Dynabox
417,Karen,Castillo,86-(330)821-7065,kcastillobk@wikimedia.org,Browsebug
418,Antonio,Barnes,62-(253)322-4146,abarnesbl@miitbeian.gov.cn,LiveZ
419,Sandra,Carr,33-(728)850-8307,scarrbm@kickstarter.com,Shufflester
420,Anne,Harris,48-(117)317-6261,aharrisbn@wikia.com,Blogpad
421,Harold,Ford,58-(136)758-8212,hfordbo@example.com,Realblab
422,Samuel,Rogers,86-(953)210-6335,srogersbp@ehow.com,Topiclounge
423,Ernest,Daniels,57-(374)715-2335,edanielsbq@vk.com,Viva
424,Anna,Dixon,7-(227)811-0887,adixonbr@barnesandnoble.com,Gigabox
425,Diana,Wright,55-(814)438-8454,dwrightbs@bigcartel.com,Zooxo
426,Maria,Patterson,31-(320)222-5220,mpattersonbt@storify.com,Divape
427,Thomas,Peters,1-(530)871-1792,tpetersbu@nytimes.com,Skiba
428,Anthony,Brown,7-(237)456-9361,abrownbv@china.com.cn,Muxo
429,Louis,Griffin,351-(524)660-3038,lgriffinbw@china.com.cn,Quire
430,Nicole,Day,46-(787)877-6765,ndaybx@webeden.co.uk,Vipe
431,Catherine,Robinson,86-(480)394-9755,crobinsonby@csmonitor.com,Brainlounge
432,Carl,Moore,63-(114)984-6507,cmoorebz@wordpress.org,Katz
433,Rachel,Franklin,86-(126)885-8466,rfranklinc0@reddit.com,Flashpoint
434,Annie,Schmidt,7-(152)696-8474,aschmidtc1@tuttocitta.it,Twitterbeat
435,Donald,Warren,7-(721)622-3025,dwarrenc2@harvard.edu,Yodel
436,Mary,Hart,86-(817)693-7523,mhartc3@skyrock.com,Bubblebox
437,Joan,Burke,234-(822)501-2540,jburkec4@gov.uk,Edgewire
438,Lawrence,Andrews,62-(149)703-4284,landrewsc5@over-blog.com,Snaptags
439,Juan,Myers,63-(468)226-5773,jmyersc6@epa.gov,Buzzbean
440,Christina,Medina,7-(572)325-2271,cmedinac7@opensource.org,Shuffletag
441,Jacqueline,Anderson,254-(745)717-8743,jandersonc8@opera.com,Vinte
442,Harry,Nichols,86-(394)583-9391,hnicholsc9@eventbrite.com,Blogtags
443,Richard,Gutierrez,420-(793)565-7066,rgutierrezca@ftc.gov,Oozz
444,Louise,Carpenter,48-(101)263-4462,lcarpentercb@sogou.com,Browsebug
445,Andrea,Carroll,351-(786)242-5055,acarrollcc@github.com,Shufflester
446,Cynthia,Austin,380-(567)689-6186,caustincd@ifeng.com,Brainbox
447,Sean,Mcdonald,386-(470)407-7269,smcdonaldce@ucoz.com,Wordtune
448,Todd,Greene,86-(820)668-2414,tgreenecf@wikia.com,Ooba
449,Anthony,Ryan,509-(874)940-0914,aryancg@cargocollective.com,Twimm
450,Tina,Moreno,374-(738)493-2899,tmorenoch@tmall.com,Twinder
451,Robert,Garrett,1-(505)361-7532,rgarrettci@blinklist.com,Skilith
452,Juan,Robertson,52-(934)414-4576,jrobertsoncj@discovery.com,Skynoodle
453,Ashley,Rodriguez,46-(713)261-4318,arodriguezck@php.net,Dabfeed
454,Kenneth,Gordon,86-(765)714-0115,kgordoncl@google.es,Ntags
455,George,Barnes,30-(810)149-6648,gbarnescm@globo.com,Mudo
456,Jesse,Bishop,62-(420)549-1418,jbishopcn@businessweek.com,Feedbug
457,Frances,Nguyen,263-(506)471-9670,fnguyenco@canalblog.com,Wordify
458,Ann,Hamilton,62-(995)611-0329,ahamiltoncp@liveinternet.ru,Mudo
459,Laura,Chapman,62-(223)415-7427,lchapmancq@yellowpages.com,Dazzlesphere
460,Denise,Pierce,98-(192)752-6867,dpiercecr@aol.com,Snaptags
461,Emily,Long,86-(918)167-6121,elongcs@deviantart.com,Quamba
462,Amanda,Evans,1-(682)841-9213,aevansct@skype.com,Blogtags
463,Betty,Armstrong,86-(495)989-7475,barmstrongcu@webnode.com,Tagopia
464,Martin,Perry,46-(485)159-1845,mperrycv@wordpress.org,Tagpad
465,Carolyn,Simpson,7-(193)270-1148,csimpsoncw@tinyurl.com,Lajo
466,Robin,Morris,86-(260)941-6907,rmorriscx@51.la,Edgetag
467,Nicholas,Mills,7-(823)518-1370,nmillscy@miitbeian.gov.cn,Edgetag
468,Sara,Perry,370-(101)611-5116,sperrycz@rambler.ru,Wikivu
469,George,Ward,86-(234)799-1160,gwardd0@twitpic.com,Topicware
470,Evelyn,Sanchez,33-(539)939-9288,esanchezd1@craigslist.org,Npath
471,Howard,Butler,86-(970)188-4256,hbutlerd2@over-blog.com,Centizu
472,George,Matthews,86-(604)689-4151,gmatthewsd3@rakuten.co.jp,Yodel
473,Maria,Tucker,351-(908)182-9210,mtuckerd4@msn.com,Oyoyo
474,Angela,Harper,51-(465)216-0102,aharperd5@yolasite.com,Jabberbean
475,Clarence,Wood,62-(494)352-9377,cwoodd6@uol.com.br,Kare
476,Victor,Ross,593-(743)488-4783,vrossd7@wordpress.org,Omba
477,Michael,Simmons,375-(560)984-2806,msimmonsd8@miibeian.gov.cn,Quinu
478,Rose,Snyder,7-(215)857-5316,rsnyderd9@parallels.com,Tazz
479,Billy,Patterson,62-(684)437-5178,bpattersonda@xrea.com,Oyope
480,Timothy,Carpenter,84-(490)556-1434,tcarpenterdb@eventbrite.com,Ntag
481,Harry,Peterson,86-(383)166-6713,hpetersondc@smugmug.com,Pixope
482,Ralph,Day,381-(793)137-3937,rdaydd@hibu.com,Wikibox
483,Susan,White,62-(870)239-6302,swhitede@dagondesign.com,Jayo
484,Jerry,Jenkins,33-(481)492-7557,jjenkinsdf@1688.com,Linkbuzz
485,Alan,Hart,235-(130)614-2733,ahartdg@cbslocal.com,Voolia
486,Barbara,Martinez,7-(572)316-8445,bmartinezdh@cnn.com,Voolith
487,Patricia,Ramos,389-(816)103-6646,pramosdi@zdnet.com,Rhycero
488,Dennis,Richardson,351-(354)808-0415,drichardsondj@feedburner.com,Eabox
489,Ralph,Boyd,63-(917)449-7304,rboyddk@clickbank.net,Babbleblab
490,Richard,Clark,7-(543)211-0296,rclarkdl@parallels.com,Myworks
491,Aaron,Dunn,47-(529)189-7363,adunndm@phoca.cz,Photobean
492,Jessica,Black,385-(556)389-9712,jblackdn@harvard.edu,Trilia
493,Bonnie,Shaw,62-(237)932-2252,bshawdo@fastcompany.com,Abatz
494,Ernest,Washington,54-(343)753-3992,ewashingtondp@printfriendly.com,Devshare
495,Bonnie,Jenkins,27-(505)616-9477,bjenkinsdq@skype.com,Ozu
496,Ashley,Grant,7-(887)720-2587,agrantdr@list-manage.com,Skidoo
497,Steve,Bryant,380-(478)715-4058,sbryantds@washington.edu,Ntag
498,Betty,Morris,62-(402)158-3155,bmorrisdt@hud.gov,Flipstorm
499,Bruce,Lynch,967-(575)519-7165,blynchdu@networksolutions.com,Zooveo
500,Lori,Weaver,46-(280)503-2159,lweaverdv@linkedin.com,InnoZ
501,Theresa,Carpenter,33-(659)797-3108,tcarpenterdw@unc.edu,Voonder
502,Phillip,Miller,221-(344)815-5785,pmillerdx@geocities.com,Eayo
503,Richard,Hayes,260-(224)606-2586,rhayesdy@walmart.com,Cogilith
504,Joseph,Adams,351-(260)258-5159,jadamsdz@virginia.edu,Skaboo
505,Annie,Black,86-(619)943-6379,ablacke0@homestead.com,Gigabox
506,Jeffrey,Morgan,51-(916)706-1523,jmorgane1@bluehost.com,Zoomdog
507,Bonnie,Reyes,62-(437)514-3452,breyese2@gravatar.com,Jabberstorm
508,Randy,Jordan,62-(718)535-9663,rjordane3@statcounter.com,Fliptune
509,Peter,Alvarez,1-(819)707-1329,palvareze4@goo.ne.jp,Thoughtsphere
510,Irene,Adams,86-(180)903-0568,iadamse5@blog.com,Trupe
511,John,Berry,51-(271)138-7808,jberrye6@acquirethisname.com,Quaxo
512,Eric,Cunningham,62-(660)192-2496,ecunninghame7@alibaba.com,Tagtune
513,Todd,Kim,63-(937)740-5540,tkime8@jalbum.net,Mynte
514,Mark,Peters,1-(757)753-2067,mpeterse9@yahoo.com,Avavee
515,Bonnie,Snyder,86-(460)119-8932,bsnyderea@purevolume.com,Oyonder
516,Jesse,Reynolds,47-(805)992-9052,jreynoldseb@hibu.com,Voomm
517,Carol,Fox,86-(535)831-8184,cfoxec@geocities.com,Oyoyo
518,Heather,Palmer,86-(384)341-8881,hpalmered@google.ca,Thoughtmix
519,Daniel,Rivera,86-(637)387-3886,driveraee@desdev.cn,Chatterpoint
520,Julie,Hill,86-(261)707-0437,jhillef@goo.ne.jp,Pixonyx
521,Sean,Gilbert,1-(751)489-2374,sgilberteg@de.vu,Skiba
522,Daniel,Davis,33-(424)767-7602,ddaviseh@businessweek.com,Topicstorm
523,Janet,Chapman,86-(700)846-8871,jchapmanei@dell.com,Youbridge
524,Aaron,Bennett,58-(911)918-6586,abennettej@ycombinator.com,Plambee
525,Wayne,Walker,86-(636)304-4196,wwalkerek@cdc.gov,Zazio
526,Gregory,Hansen,242-(279)490-4296,ghansenel@furl.net,Rooxo
527,Michael,Dunn,48-(936)271-9630,mdunnem@ucla.edu,Jabberbean
528,Tina,Simpson,33-(976)368-1752,tsimpsonen@businesswire.com,Linktype
529,Dorothy,Andrews,62-(109)669-5364,dandrewseo@who.int,Jayo
530,Jason,Hayes,966-(756)171-5835,jhayesep@google.com.au,Topicshots
531,Phillip,Washington,86-(122)409-2839,pwashingtoneq@redcross.org,Tazzy
532,Donna,Hall,358-(911)960-8742,dhaller@scientificamerican.com,Quimba
533,Nancy,Morgan,380-(620)586-8978,nmorganes@apple.com,Oloo
534,Philip,Rivera,66-(650)976-5286,priveraet@qq.com,Feedmix
535,Shirley,Johnson,387-(997)866-7885,sjohnsoneu@barnesandnoble.com,Kare
536,Karen,Sims,31-(129)405-2603,ksimsev@constantcontact.com,Topiczoom
537,Amy,Ramos,86-(368)975-4684,aramosew@mapquest.com,Minyx
538,Anna,Lee,386-(200)673-9845,aleeex@ow.ly,Wikido
539,Roy,Ray,33-(966)372-1355,rrayey@fema.gov,Tambee
540,Joyce,Martin,92-(738)850-0952,jmartinez@wufoo.com,Jabbertype
541,Brian,Bowman,48-(140)939-5591,bbowmanf0@wix.com,Gabtune
542,Keith,Armstrong,58-(115)827-4949,karmstrongf1@scribd.com,Abata
543,Elizabeth,Graham,30-(186)318-3352,egrahamf2@newyorker.com,Yoveo
544,Norma,Carter,7-(447)485-3874,ncarterf3@wsj.com,LiveZ
545,Stephanie,Martin,46-(166)126-4956,smartinf4@aboutads.info,Babblestorm
546,Anthony,Watson,81-(985)411-2574,awatsonf5@dagondesign.com,Skyba
547,Nicholas,Alvarez,255-(100)174-6174,nalvarezf6@geocities.com,Roomm
548,Jesse,Cooper,593-(680)934-1000,jcooperf7@yelp.com,Dabshots
549,Deborah,Fowler,86-(201)933-0285,dfowlerf8@yahoo.com,Meevee
550,Laura,Cole,63-(596)744-1372,lcolef9@behance.net,Centimia
551,Jack,Welch,33-(872)296-2894,jwelchfa@tiny.cc,Tazzy
552,Ann,Mason,63-(614)108-2808,amasonfb@engadget.com,Youbridge
553,Helen,Palmer,62-(955)817-5301,hpalmerfc@goo.gl,Yoveo
554,Ashley,Barnes,62-(305)307-9965,abarnesfd@google.co.jp,Viva
555,Alice,Rivera,977-(633)371-7811,ariverafe@java.com,Voonder
556,Maria,Larson,30-(663)489-6170,mlarsonff@delicious.com,Jetpulse
557,Rebecca,Price,880-(724)242-2180,rpricefg@vimeo.com,Eire
558,Tina,Watkins,62-(796)929-1115,twatkinsfh@china.com.cn,Oyonder
559,Joshua,Coleman,33-(445)912-6404,jcolemanfi@squidoo.com,Trudeo
560,Tina,Jenkins,420-(303)992-8916,tjenkinsfj@free.fr,Fivespan
561,Thomas,Morrison,39-(284)783-1247,tmorrisonfk@cnn.com,Aimbu
562,Billy,Owens,86-(380)660-6736,bowensfl@infoseek.co.jp,Muxo
563,Helen,Ray,55-(570)676-0500,hrayfm@drupal.org,Demivee
564,Rose,Flores,351-(607)308-4780,rfloresfn@illinois.edu,Fivechat
565,Keith,Chavez,86-(525)991-2637,kchavezfo@reuters.com,Trudoo
566,Gerald,Dixon,54-(970)592-7681,gdixonfp@ifeng.com,Jayo
567,Marilyn,Cox,971-(207)953-4092,mcoxfq@yellowbook.com,Tambee
568,Joe,Walker,62-(416)144-9528,jwalkerfr@yandex.ru,Livefish
569,Christopher,Nelson,86-(245)126-8605,cnelsonfs@state.tx.us,Kamba
570,Shawn,Cruz,51-(979)672-3700,scruzft@sogou.com,Pixope
571,Willie,Holmes,62-(655)466-2917,wholmesfu@joomla.org,Dazzlesphere
572,Scott,West,46-(600)136-6966,swestfv@themeforest.net,Avavee
573,Aaron,Rodriguez,86-(656)732-7412,arodriguezfw@illinois.edu,Edgewire
574,Emily,Rodriguez,52-(372)227-9893,erodriguezfx@comcast.net,Trunyx
575,Raymond,Washington,261-(233)121-8126,rwashingtonfy@naver.com,Divanoodle
576,Joshua,Myers,62-(521)179-0104,jmyersfz@uiuc.edu,Yakitri
577,Sandra,Russell,51-(166)290-3962,srussellg0@simplemachines.org,Meezzy
578,Sarah,Perez,33-(884)939-4535,sperezg1@studiopress.com,Zoomlounge
579,Theresa,Butler,216-(365)684-8361,tbutlerg2@independent.co.uk,Quinu
580,Frances,Rivera,51-(680)509-1236,friverag3@globo.com,Yoveo
581,Patrick,Sanchez,46-(315)405-2737,psanchezg4@ustream.tv,InnoZ
582,Johnny,Reynolds,62-(290)208-7003,jreynoldsg5@jalbum.net,Thoughtworks
583,Juan,Stewart,54-(152)939-7728,jstewartg6@liveinternet.ru,Photospace
584,Lawrence,Jackson,55-(616)288-7836,ljacksong7@technorati.com,Voonte
585,Maria,Olson,7-(658)562-7877,molsong8@csmonitor.com,Kayveo
586,Bonnie,Gordon,1-(520)431-6700,bgordong9@ehow.com,Oozz
587,Christine,Roberts,39-(694)554-4416,crobertsga@mapquest.com,Blogpad
588,Brandon,Bell,57-(567)983-7087,bbellgb@ebay.co.uk,Oyonder
589,Barbara,Alexander,63-(798)256-3252,balexandergc@pen.io,Eazzy
590,Mildred,Ortiz,56-(715)167-6299,mortizgd@linkedin.com,Yotz
591,Brandon,Franklin,33-(827)564-1088,bfranklinge@angelfire.com,Dynava
592,Mark,Ward,54-(577)619-5784,mwardgf@va.gov,Geba
593,Jimmy,Ruiz,86-(967)547-2147,jruizgg@com.com,Linkbridge
594,Nicholas,Ramos,1-(414)785-7950,nramosgh@jugem.jp,Kamba
595,Annie,Ward,33-(161)810-3538,awardgi@answers.com,Twitterbeat
596,Diana,Rodriguez,86-(508)624-1634,drodriguezgj@paypal.com,Trupe
597,Eric,Hudson,55-(439)625-0865,ehudsongk@ezinearticles.com,Riffpath
598,Antonio,Cox,63-(463)302-3024,acoxgl@dailymail.co.uk,Wikibox
599,George,Castillo,55-(211)743-8145,gcastillogm@lycos.com,Yotz
600,Beverly,Gilbert,235-(943)981-0142,bgilbertgn@goo.gl,Skyba
601,Andrea,Black,976-(302)358-3358,ablackgo@usatoday.com,Avaveo
602,Peter,Murphy,86-(784)561-3347,pmurphygp@boston.com,Mudo
603,Jerry,Ross,7-(327)853-5484,jrossgq@google.ru,Muxo
604,Shirley,Hayes,84-(524)559-2242,shayesgr@webnode.com,Thoughtstorm
605,Jack,Nguyen,962-(500)677-2879,jnguyengs@tamu.edu,Skiba
606,Shirley,Jacobs,963-(754)357-5581,sjacobsgt@dot.gov,Oodoo
607,Jonathan,White,372-(298)532-1148,jwhitegu@hugedomains.com,Youfeed
608,Ernest,Wheeler,222-(749)301-9284,ewheelergv@topsy.com,Zoozzy
609,Kathleen,Banks,7-(552)670-7854,kbanksgw@rakuten.co.jp,Edgeify
610,Juan,Graham,62-(777)640-7564,jgrahamgx@360.cn,Voomm
611,Marie,Gonzales,62-(654)500-9358,mgonzalesgy@godaddy.com,Ailane
612,Albert,Johnson,33-(138)570-7782,ajohnsongz@seattletimes.com,Jazzy
613,Cynthia,Watson,62-(366)733-2383,cwatsonh0@themeforest.net,Dablist
614,Kathy,Cook,386-(115)853-2073,kcookh1@github.com,Divavu
615,Eric,Welch,62-(664)670-6520,ewelchh2@histats.com,Yakidoo
616,Dennis,Harper,967-(577)673-3122,dharperh3@vistaprint.com,Pixope
617,Frank,Foster,48-(690)833-1112,ffosterh4@w3.org,Aibox
618,Antonio,Gonzales,62-(805)419-9871,agonzalesh5@abc.net.au,Tazz
619,Paula,Hamilton,86-(875)831-3726,phamiltonh6@yellowpages.com,Fanoodle
620,Sharon,Ward,51-(161)926-6144,swardh7@google.nl,Pixope
621,Nicole,Cook,33-(890)451-9774,ncookh8@edublogs.org,Divanoodle
622,Paul,Martinez,7-(283)673-9310,pmartinezh9@nhs.uk,Mynte
623,Harold,Arnold,241-(650)390-5453,harnoldha@dyndns.org,Yombu
624,Wayne,Griffin,7-(871)182-8940,wgriffinhb@vk.com,Dabtype
625,Bobby,Simmons,48-(407)579-0254,bsimmonshc@smugmug.com,Brainverse
626,Brian,Wilson,1-(435)628-1018,bwilsonhd@uiuc.edu,Rhyzio
627,Eric,Hamilton,98-(635)658-8936,ehamiltonhe@netvibes.com,Zoomcast
628,Kathryn,Sims,505-(545)345-5767,ksimshf@samsung.com,Livepath
629,Kathy,Castillo,33-(326)328-4263,kcastillohg@cbslocal.com,Brainverse
630,Denise,Sanders,62-(282)352-4481,dsandershh@howstuffworks.com,Oyope
631,Gloria,Richards,63-(686)557-6559,grichardshi@hp.com,Quire
632,Mildred,Porter,86-(937)818-8872,mporterhj@tuttocitta.it,Eidel
633,Annie,Gutierrez,47-(907)450-6846,agutierrezhk@blog.com,Bluezoom
634,Rose,Ray,30-(704)742-5557,rrayhl@harvard.edu,Zava
635,Ann,Cooper,48-(493)896-4117,acooperhm@example.com,Quaxo
636,Jennifer,Ortiz,62-(728)558-0836,jortizhn@pen.io,Lazzy
637,Emily,Lopez,380-(998)604-3534,elopezho@joomla.org,Devbug
638,Randy,Holmes,46-(623)411-4212,rholmeshp@aboutads.info,Omba
639,Jennifer,Lawrence,63-(496)360-9141,jlawrencehq@jugem.jp,Mybuzz
640,Bruce,Fox,86-(271)524-3048,bfoxhr@de.vu,Tagpad
641,Peter,Wells,62-(629)821-4357,pwellshs@ihg.com,Realbuzz
642,Denise,Black,254-(586)290-8167,dblackht@toplist.cz,Realbridge
643,Irene,Hamilton,251-(165)316-3708,ihamiltonhu@salon.com,Skyvu
644,Diana,Martin,48-(817)403-0630,dmartinhv@github.io,Feedspan
645,Wanda,Henderson,52-(308)490-4262,whendersonhw@blogtalkradio.com,Kanoodle
646,Diane,Reed,372-(425)169-4596,dreedhx@creativecommons.org,Blognation
647,Timothy,Carroll,62-(204)934-8778,tcarrollhy@ebay.com,Shufflebeat
648,Clarence,Franklin,46-(784)722-8591,cfranklinhz@cocolog-nifty.com,Teklist
649,Frances,Matthews,33-(158)148-8129,fmatthewsi0@dion.ne.jp,Meejo
650,Joshua,Harvey,261-(414)588-0261,jharveyi1@weibo.com,Thoughtbeat
651,Eric,Kelly,356-(672)636-1893,ekellyi2@wufoo.com,Zoomlounge
652,Phyllis,Chavez,265-(128)308-8479,pchavezi3@washingtonpost.com,Meeveo
653,Lisa,Harrison,62-(172)238-0514,lharrisoni4@bluehost.com,Lajo
654,Wayne,Romero,351-(880)247-7538,wromeroi5@gizmodo.com,Yoveo
655,Jason,Boyd,355-(941)620-0866,jboydi6@washingtonpost.com,Centizu
656,Adam,Hanson,242-(813)224-9836,ahansoni7@timesonline.co.uk,Devpoint
657,Arthur,Wood,81-(657)589-4660,awoodi8@dropbox.com,Skippad
658,Kimberly,Dunn,967-(620)468-2395,kdunni9@google.pl,Quaxo
659,Roy,Carpenter,1-(834)109-6185,rcarpenteria@nytimes.com,Ntag
660,Judy,Fields,30-(896)197-6221,jfieldsib@thetimes.co.uk,Twitterlist
661,Harold,Porter,966-(149)868-9623,hporteric@scientificamerican.com,Realfire
662,Betty,Spencer,48-(443)546-6118,bspencerid@wikispaces.com,InnoZ
663,Phyllis,Clark,54-(861)724-4533,pclarkie@dot.gov,Twitterbridge
664,Gerald,Howard,54-(905)145-5792,ghowardif@harvard.edu,Thoughtbeat
665,Nicholas,Wagner,86-(305)569-8019,nwagnerig@reference.com,Skaboo
666,Kelly,Cunningham,62-(964)211-5473,kcunninghamih@sfgate.com,Twimbo
667,Dennis,Johnston,62-(637)244-7696,djohnstonii@imgur.com,Yombu
668,Jennifer,Hall,63-(925)834-4774,jhallij@163.com,Dynabox
669,Judith,Miller,86-(187)674-9890,jmillerik@mozilla.com,Innojam
670,Mildred,Gordon,591-(463)626-8684,mgordonil@youtu.be,Abatz
671,Gary,Martinez,63-(985)614-0126,gmartinezim@wordpress.com,Photojam
672,Ruth,Nichols,33-(209)477-0280,rnicholsin@npr.org,Skilith
673,Eugene,Carr,255-(246)197-8585,ecarrio@cnn.com,Skippad
674,Louis,Gutierrez,86-(912)380-5082,lgutierrezip@wikispaces.com,Realbridge
675,Joseph,Johnston,51-(363)742-2370,jjohnstoniq@networksolutions.com,Youopia
676,Louis,Gutierrez,994-(711)551-7491,lgutierrezir@g.co,Divape
677,Jennifer,Gray,232-(631)213-4886,jgrayis@tuttocitta.it,Eare
678,Gloria,Powell,351-(541)240-2203,gpowellit@constantcontact.com,Muxo
679,Jane,Gray,62-(297)956-6985,jgrayiu@dell.com,Divanoodle
680,Ashley,Williams,381-(705)561-8680,awilliamsiv@chron.com,Omba
681,Gregory,Ryan,233-(196)579-9142,gryaniw@wunderground.com,Linkbridge
682,Diana,Bryant,98-(662)903-0385,dbryantix@wsj.com,Devbug
683,Phillip,Parker,7-(582)761-0249,pparkeriy@china.com.cn,Eazzy
684,Susan,Harris,970-(643)385-6351,sharrisiz@privacy.gov.au,Twitterwire
685,Amanda,Willis,86-(620)891-8772,awillisj0@seattletimes.com,Bluezoom
686,Lois,Tucker,30-(341)993-8066,ltuckerj1@google.it,Tazzy
687,Stephanie,Wagner,62-(564)320-2853,swagnerj2@oaic.gov.au,Feednation
688,Nancy,Roberts,86-(650)456-1206,nrobertsj3@nasa.gov,Meezzy
689,Amanda,Long,502-(822)537-6155,alongj4@sciencedirect.com,Cogibox
690,Frances,Russell,7-(314)607-2871,frussellj5@imgur.com,Linkbridge
691,Johnny,Spencer,502-(372)318-7669,jspencerj6@redcross.org,Skipfire
692,Teresa,Hicks,93-(811)432-4052,thicksj7@artisteer.com,Leexo
693,Eugene,Thompson,51-(850)586-4529,ethompsonj8@virginia.edu,Katz
694,Kathy,Kim,86-(962)680-5513,kkimj9@taobao.com,Voolia
695,Patricia,Hayes,380-(852)287-3011,phayesja@free.fr,BlogXS
696,Nicholas,Matthews,225-(827)766-9206,nmatthewsjb@vimeo.com,Jaxworks
697,Sara,Fowler,86-(392)673-2898,sfowlerjc@msn.com,Browsebug
698,Eugene,Warren,386-(136)369-3372,ewarrenjd@ftc.gov,Einti
699,Stephen,Lynch,86-(679)747-4033,slynchje@google.ca,Quimm
700,Ruby,Evans,86-(847)705-9918,revansjf@constantcontact.com,Demivee
701,Ronald,Knight,1-(191)372-0657,rknightjg@quantcast.com,Zoovu
702,Wanda,Martin,63-(569)137-8138,wmartinjh@imdb.com,Tanoodle
703,Terry,Henry,351-(612)274-5826,thenryji@apple.com,Zoomdog
704,Michael,Gutierrez,86-(458)612-6177,mgutierrezjj@aol.com,Vinder
705,Jesse,Hansen,46-(722)751-9849,jhansenjk@nasa.gov,Trupe
706,Teresa,Carter,998-(977)155-6455,tcarterjl@tinyurl.com,Jamia
707,Jacqueline,Freeman,62-(974)551-7558,jfreemanjm@ted.com,Yabox
708,Charles,Alexander,86-(715)342-2595,calexanderjn@scientificamerican.com,Wikido
709,Joan,Jacobs,62-(448)658-2528,jjacobsjo@dropbox.com,Ntag
710,Douglas,Foster,62-(485)219-0666,dfosterjp@geocities.com,Tagchat
711,Frances,Ross,63-(744)932-5596,frossjq@bing.com,Fivebridge
712,Wayne,Peterson,47-(636)957-9762,wpetersonjr@quantcast.com,Oodoo
713,Martha,Elliott,55-(895)665-0724,melliottjs@gravatar.com,Yamia
714,Annie,Morrison,261-(300)389-8268,amorrisonjt@forbes.com,Jaxbean
715,James,Tucker,58-(596)161-5776,jtuckerju@domainmarket.com,Bubblebox
716,Denise,Bryant,86-(412)641-5632,dbryantjv@goodreads.com,Skyble
717,Gloria,Anderson,373-(332)138-4473,gandersonjw@yahoo.com,Katz
718,Terry,Myers,86-(500)624-4607,tmyersjx@howstuffworks.com,Teklist
719,Susan,Lee,62-(477)199-9114,sleejy@statcounter.com,Kanoodle
720,Joseph,Banks,7-(180)301-0075,jbanksjz@sogou.com,Trilith
721,Randy,Burke,351-(342)189-6325,rburkek0@ca.gov,Roombo
722,Earl,Elliott,63-(124)819-7376,eelliottk1@delicious.com,Digitube
723,Diana,Garcia,691-(261)713-9334,dgarciak2@stanford.edu,Fivespan
724,Thomas,George,86-(620)221-3404,tgeorgek3@spotify.com,Zazio
725,Ann,Stevens,242-(753)742-8589,astevensk4@netvibes.com,Aivee
726,Linda,Cole,86-(743)413-8026,lcolek5@bigcartel.com,Skinder
727,Peter,Gray,86-(598)406-0966,pgrayk6@com.com,Voonix
728,Mildred,Mccoy,1-(330)818-0723,mmccoyk7@dailymotion.com,Twitterbridge
729,Amanda,Smith,256-(181)974-7912,asmithk8@shareasale.com,Aivee
730,Scott,Porter,27-(176)104-0605,sporterk9@aol.com,Aivee
731,Christopher,Tucker,55-(731)445-3154,ctuckerka@bing.com,Yodo
732,Mary,Campbell,7-(619)661-3860,mcampbellkb@t-online.de,Meejo
733,Gerald,Frazier,7-(430)690-5761,gfrazierkc@mit.edu,Tazz
734,Philip,Clark,54-(787)198-6820,pclarkkd@barnesandnoble.com,Kamba
735,Doris,Hill,86-(171)751-7477,dhillke@theglobeandmail.com,Kwimbee
736,Victor,Black,86-(725)604-0427,vblackkf@qq.com,Jayo
737,Charles,George,63-(264)740-3351,cgeorgekg@networkadvertising.org,Realcube
738,Fred,Wilson,257-(171)881-8854,fwilsonkh@wiley.com,Leexo
739,Albert,Berry,254-(605)696-4617,aberryki@mashable.com,Skipfire
740,Jeremy,White,86-(159)430-8022,jwhitekj@dyndns.org,Skiba
741,Susan,Williamson,51-(811)641-3488,swilliamsonkk@jigsy.com,Gabcube
742,Laura,Hayes,86-(694)977-9156,lhayeskl@uiuc.edu,Jaxbean
743,Juan,Burton,48-(245)629-2245,jburtonkm@mashable.com,Devify
744,Judith,Andrews,351-(288)897-9616,jandrewskn@usatoday.com,Eayo
745,Brian,Jones,86-(512)770-4800,bjonesko@gizmodo.com,Zoomlounge
746,Teresa,Jordan,54-(359)825-9007,tjordankp@smh.com.au,Fivespan
747,Eric,Rodriguez,380-(574)286-3375,erodriguezkq@moonfruit.com,Realmix
748,Keith,Ellis,7-(231)188-3335,kelliskr@com.com,Linkbridge
749,Howard,Bryant,64-(972)231-8774,hbryantks@smh.com.au,Jetpulse
750,Samuel,Kennedy,381-(640)176-8687,skennedykt@ihg.com,Realmix
751,Jose,Mendoza,86-(825)982-8887,jmendozaku@imgur.com,Centizu
752,Joan,Powell,886-(271)830-4532,jpowellkv@google.co.uk,Brainverse
753,Alice,Mills,48-(176)423-1904,amillskw@cam.ac.uk,Topicstorm
754,Janet,Diaz,387-(732)164-3754,jdiazkx@geocities.jp,Kare
755,Sara,Carpenter,1-(698)408-3118,scarpenterky@vimeo.com,Buzzster
756,Walter,Henderson,380-(332)173-9189,whendersonkz@independent.co.uk,Jabberstorm
757,Christopher,Dixon,62-(514)947-4219,cdixonl0@ihg.com,Jamia
758,Kathleen,Palmer,420-(845)703-8465,kpalmerl1@fema.gov,Browsebug
759,Elizabeth,Mccoy,86-(674)224-3473,emccoyl2@ox.ac.uk,Tagtune
760,George,Henry,86-(485)784-3381,ghenryl3@mysql.com,Realblab
761,Craig,Thompson,420-(502)977-3108,cthompsonl4@pen.io,Quinu
762,Robert,Hanson,33-(795)120-2841,rhansonl5@craigslist.org,Wikido
763,Pamela,Cook,53-(144)687-4884,pcookl6@goo.ne.jp,Edgeify
764,Donna,Hernandez,55-(695)223-6240,dhernandezl7@ow.ly,Thoughtstorm
765,Theresa,Meyer,53-(900)775-4623,tmeyerl8@fastcompany.com,Vinte
766,Kevin,Thompson,30-(620)743-2007,kthompsonl9@shareasale.com,Kare
767,Roger,Smith,420-(670)566-9732,rsmithla@google.de,Edgewire
768,Virginia,Cox,62-(626)979-8457,vcoxlb@jugem.jp,Voolith
769,James,Young,220-(526)527-9253,jyounglc@goo.gl,Quimm
770,Norma,Barnes,55-(304)185-6352,nbarnesld@bbb.org,Nlounge
771,Matthew,Burke,84-(657)387-0542,mburkele@fema.gov,Kamba
772,Scott,Dixon,62-(983)194-8763,sdixonlf@cam.ac.uk,Rhyloo
773,Cheryl,Cole,86-(661)184-6841,ccolelg@google.com.br,Jabbercube
774,Steven,Burke,86-(725)716-4059,sburkelh@ow.ly,Realblab
775,Ann,Diaz,685-(799)981-7878,adiazli@hud.gov,Kaymbo
776,Laura,Pierce,86-(472)723-2975,lpiercelj@shinystat.com,Feedfire
777,Bruce,Cox,420-(525)686-5067,bcoxlk@jugem.jp,Jamia
778,Aaron,Carpenter,351-(793)668-9635,acarpenterll@latimes.com,Realblab
779,Linda,Richardson,62-(743)604-2803,lrichardsonlm@skyrock.com,Riffpath
780,Dennis,Perkins,81-(857)552-5099,dperkinsln@meetup.com,Livepath
781,Paul,King,7-(295)453-2375,pkinglo@acquirethisname.com,Skyba
782,Diana,Ellis,86-(607)693-5460,dellislp@cargocollective.com,Blogtag
783,Lawrence,Mitchell,86-(531)241-7764,lmitchelllq@washington.edu,Yodo
784,Rebecca,Martin,1-(661)897-0554,rmartinlr@usatoday.com,Edgepulse
785,Jeffrey,Jacobs,420-(456)173-9980,jjacobsls@angelfire.com,Buzzbean
786,Harold,Rogers,1-(657)645-1680,hrogerslt@vk.com,Riffpath
787,Donna,Hicks,62-(486)149-4241,dhickslu@springer.com,Viva
788,Matthew,Palmer,55-(124)378-0881,mpalmerlv@youku.com,Voolia
789,Alice,Montgomery,86-(667)869-0128,amontgomerylw@example.com,Jabberstorm
790,Harry,Hicks,225-(999)148-9426,hhickslx@acquirethisname.com,Livepath
791,Lori,Mcdonald,86-(611)271-2809,lmcdonaldly@patch.com,Yakidoo
792,Kevin,Hart,57-(664)900-8995,khartlz@sbwire.com,Skimia
793,Samuel,Torres,48-(489)529-0837,storresm0@sina.com.cn,Realbuzz
794,Michael,Russell,256-(830)152-4586,mrussellm1@imageshack.us,Vimbo
795,Bobby,Flores,86-(606)645-7684,bfloresm2@infoseek.co.jp,Gabtype
796,Joe,Rogers,380-(954)874-2026,jrogersm3@bandcamp.com,Rooxo
797,Dennis,Fisher,81-(862)691-4141,dfisherm4@weebly.com,Quinu
798,Lori,Ross,55-(653)240-7324,lrossm5@usgs.gov,Rhynoodle
799,Christina,Lawrence,48-(509)567-4983,clawrencem6@prweb.com,Livetube
800,Jeffrey,Gibson,48-(977)173-2399,jgibsonm7@barnesandnoble.com,Ailane
801,Sara,Green,353-(993)344-4686,sgreenm8@goo.ne.jp,Edgeify
802,Eric,Mills,216-(418)114-4390,emillsm9@imgur.com,Feedmix
803,Denise,Gutierrez,66-(553)542-8788,dgutierrezma@digg.com,Thoughtblab
804,Paul,Bennett,62-(222)554-7032,pbennettmb@ucsd.edu,Zoomlounge
805,Patricia,Parker,7-(143)817-4995,pparkermc@reverbnation.com,Realpoint
806,Jennifer,Torres,46-(442)837-8316,jtorresmd@tamu.edu,Latz
807,Norma,Stewart,51-(597)702-8116,nstewartme@sakura.ne.jp,Jetpulse
808,Roy,Stanley,7-(652)989-7021,rstanleymf@arizona.edu,Livetube
809,Patrick,Wagner,86-(951)297-3067,pwagnermg@skyrock.com,Lazzy
810,Joseph,Wood,254-(533)229-1822,jwoodmh@miibeian.gov.cn,Kwimbee
811,Howard,Hicks,220-(392)166-2423,hhicksmi@privacy.gov.au,Gabcube
812,Diana,Dean,62-(510)359-0481,ddeanmj@sakura.ne.jp,Zooxo
813,Charles,Price,224-(230)304-7970,cpricemk@creativecommons.org,Fivespan
814,Sandra,Evans,86-(371)746-4663,sevansml@moonfruit.com,Blogtags
815,Jeremy,Stewart,7-(802)584-0524,jstewartmm@vinaora.com,Gabvine
816,Gary,Johnston,48-(195)577-0651,gjohnstonmn@elegantthemes.com,Nlounge
817,Diana,Burns,31-(677)645-3680,dburnsmo@hud.gov,Blogtags
818,Ashley,Morgan,55-(212)888-3089,amorganmp@theguardian.com,Realcube
819,Cheryl,Allen,33-(987)652-1371,callenmq@github.io,Kanoodle
820,Carlos,White,385-(353)494-7852,cwhitemr@google.com,Buzzster
821,Charles,Snyder,36-(398)203-2572,csnyderms@forbes.com,Viva
822,Kathleen,Baker,372-(895)673-7915,kbakermt@dailymotion.com,Yadel
823,Charles,Owens,86-(992)655-1777,cowensmu@smh.com.au,Bubbletube
824,Judith,Lawson,86-(830)515-1154,jlawsonmv@sbwire.com,Voonix
825,George,Collins,420-(239)890-8461,gcollinsmw@ustream.tv,Youspan
826,Emily,Perry,55-(278)740-4455,eperrymx@angelfire.com,Dynazzy
827,Norma,Carter,961-(435)398-9928,ncartermy@addthis.com,Realbuzz
828,Fred,Jacobs,30-(353)225-2407,fjacobsmz@hexun.com,Jatri
829,Mary,Ramirez,976-(577)661-5085,mramirezn0@sohu.com,Chatterpoint
830,Antonio,Henderson,1-(885)648-7091,ahendersonn1@cbsnews.com,Feedfire
831,Carl,Bell,46-(780)635-0771,cbelln2@jiathis.com,Devify
832,Sarah,Stewart,86-(449)977-3002,sstewartn3@angelfire.com,Meedoo
833,Howard,Hunter,509-(120)794-8389,hhuntern4@home.pl,Jaxnation
834,Arthur,Carpenter,86-(841)633-2968,acarpentern5@deliciousdays.com,Youspan
835,Timothy,Freeman,27-(591)655-8759,tfreemann6@oaic.gov.au,Brainlounge
836,Sara,Watson,63-(745)455-4352,swatsonn7@pcworld.com,Photojam
837,Stephen,Reid,86-(383)835-4160,sreidn8@wiley.com,Yombu
838,Tina,Gordon,7-(264)592-1518,tgordonn9@simplemachines.org,Vinte
839,Doris,Martin,52-(634)177-3611,dmartinna@bigcartel.com,Babbleset
840,Maria,Long,234-(430)335-5563,mlongnb@amazon.co.jp,Innotype
841,Lori,Cox,86-(524)159-3829,lcoxnc@discovery.com,Aimbu
842,Raymond,Gomez,225-(756)600-4483,rgomeznd@blogspot.com,Cogidoo
843,Brandon,Jackson,86-(988)663-7811,bjacksonne@noaa.gov,Blogspan
844,Nancy,Ford,27-(724)129-7495,nfordnf@networksolutions.com,Geba
845,Phyllis,Berry,84-(931)660-1857,pberryng@dropbox.com,Avamba
846,Martha,Kelly,351-(314)331-3663,mkellynh@reddit.com,Devcast
847,Jessica,Nelson,351-(462)361-9204,jnelsonni@mashable.com,Podcat
848,Gloria,Grant,236-(473)297-3662,ggrantnj@theguardian.com,Wordpedia
849,Ruth,Jones,7-(439)336-7427,rjonesnk@sogou.com,Plajo
850,Craig,Fields,55-(335)509-4000,cfieldsnl@bizjournals.com,Zava
851,George,Stone,49-(443)592-1553,gstonenm@mozilla.com,Oyoba
852,Patricia,Perry,39-(831)957-3849,pperrynn@imdb.com,Linktype
853,Martha,Day,33-(893)689-3725,mdayno@wordpress.com,Devpulse
854,Virginia,Morgan,86-(458)110-6495,vmorgannp@bbc.co.uk,Kwinu
855,Eric,Alvarez,86-(960)136-6448,ealvareznq@edublogs.org,Npath
856,Brenda,Murphy,7-(107)964-5030,bmurphynr@cornell.edu,Zoombeat
857,Billy,Robinson,60-(518)301-7947,brobinsonns@symantec.com,Browsecat
858,Betty,Gonzales,48-(957)276-9479,bgonzalesnt@jiathis.com,Meevee
859,Heather,Cook,970-(912)589-1988,hcooknu@apache.org,Meembee
860,Anna,Warren,98-(448)948-9401,awarrennv@constantcontact.com,Gabtune
861,Timothy,Hill,7-(381)238-0933,thillnw@quantcast.com,Myworks
862,Linda,Nelson,49-(813)286-4241,lnelsonnx@noaa.gov,Yacero
863,Juan,Payne,46-(883)655-3946,jpayneny@gmpg.org,Camimbo
864,Jeffrey,Fernandez,48-(929)623-1363,jfernandeznz@soundcloud.com,Izio
865,Melissa,Peters,20-(434)176-9306,mpeterso0@last.fm,Skaboo
866,Stephen,Palmer,62-(970)910-6463,spalmero1@twitpic.com,Trupe
867,Victor,Hughes,48-(882)275-2329,vhugheso2@reuters.com,Riffwire
868,Ashley,Welch,234-(673)424-1821,awelcho3@fda.gov,Ooba
869,Annie,Barnes,1-(380)357-4105,abarneso4@hostgator.com,Rhycero
870,Lillian,Austin,33-(647)847-1433,laustino5@usatoday.com,Jayo
871,Steve,Watkins,62-(751)612-4158,swatkinso6@reddit.com,Oyonder
872,Wanda,Bailey,30-(806)537-9888,wbaileyo7@sphinn.com,Dabjam
873,Fred,Riley,66-(311)361-2469,frileyo8@vk.com,Gevee
874,Betty,Garrett,7-(827)762-4115,bgarretto9@theguardian.com,Jabbersphere
875,Nicole,Bradley,51-(546)544-8912,nbradleyoa@gizmodo.com,Bubblemix
876,Arthur,Clark,62-(846)527-9300,aclarkob@issuu.com,Riffwire
877,Amanda,Fernandez,33-(861)199-7929,afernandezoc@ed.gov,Geba
878,Ashley,Fowler,48-(224)390-9920,afowlerod@tumblr.com,Yotz
879,Anna,Rivera,86-(930)663-9229,ariveraoe@nyu.edu,Chatterpoint
880,Steve,Gilbert,595-(909)120-4252,sgilbertof@woothemes.com,Twitterlist
881,Andrea,Spencer,351-(573)378-5622,aspencerog@phoca.cz,Avaveo
882,Rose,Perez,86-(520)627-6924,rperezoh@scribd.com,Zoozzy
883,Stephen,Garcia,57-(790)608-8305,sgarciaoi@yandex.ru,Gigashots
884,Ruth,Kim,86-(494)366-7287,rkimoj@mit.edu,Kamba
885,Jeremy,White,1-(977)891-2536,jwhiteok@google.cn,Meezzy
886,Howard,Lynch,351-(784)148-2001,hlynchol@com.com,Divanoodle
887,Rachel,Carr,850-(888)298-9490,rcarrom@businessweek.com,Mynte
888,Emily,Washington,7-(537)430-3264,ewashingtonon@chicagotribune.com,Riffpedia
889,John,Bell,358-(824)376-0595,jbelloo@tinypic.com,Thoughtbeat
890,Katherine,Moore,86-(840)685-3128,kmooreop@vistaprint.com,Wikizz
891,Angela,Cox,51-(713)998-0153,acoxoq@sbwire.com,Voomm
892,Jeffrey,West,7-(710)684-0563,jwestor@homestead.com,Geba
893,Jose,Burns,387-(977)304-6324,jburnsos@yandex.ru,Topiclounge
894,Christine,Lane,86-(629)966-2682,claneot@phoca.cz,Topicstorm
895,Debra,Chapman,62-(335)366-0078,dchapmanou@skype.com,Aimbu
896,Robin,Powell,27-(384)175-8980,rpowellov@jimdo.com,Cogibox
897,Kenneth,Fernandez,81-(200)371-0002,kfernandezow@mtv.com,Dabvine
898,Carol,Reynolds,33-(372)627-5023,creynoldsox@myspace.com,Teklist
899,Daniel,Peters,57-(418)562-3457,dpetersoy@cloudflare.com,Skinder
900,Christine,Powell,62-(216)399-9190,cpowelloz@netvibes.com,Demizz
901,Jeffrey,Snyder,53-(721)896-8928,jsnyderp0@thetimes.co.uk,Thoughtmix
902,Amy,Ryan,62-(633)207-1671,aryanp1@weather.com,Brainbox
903,Ralph,Henderson,62-(862)260-2502,rhendersonp2@typepad.com,Centizu
904,Dennis,Palmer,46-(547)273-6769,dpalmerp3@hp.com,Mita
905,Brandon,Chavez,62-(360)344-6069,bchavezp4@pbs.org,Yoveo
906,Sarah,Young,7-(430)441-0466,syoungp5@shutterfly.com,Tazzy
907,Carlos,Grant,62-(826)807-1659,cgrantp6@vistaprint.com,Fiveclub
908,Lisa,Henry,48-(520)245-6057,lhenryp7@yale.edu,Youfeed
909,Joe,Ruiz,351-(928)373-7725,jruizp8@economist.com,Flashpoint
910,Ernest,Campbell,62-(895)912-2597,ecampbellp9@blog.com,Photobean
911,Ronald,Hansen,351-(911)999-7904,rhansenpa@gmpg.org,Flashset
912,Nicholas,Alvarez,62-(590)183-2314,nalvarezpb@stanford.edu,Topicstorm
913,Jack,Bailey,57-(698)605-4114,jbaileypc@last.fm,Zooveo
914,Arthur,Dunn,1-(616)783-3494,adunnpd@comsenz.com,Yakitri
915,Michelle,Fisher,53-(367)355-9939,mfisherpe@umn.edu,Zoomcast
916,Louise,Hayes,52-(938)294-6949,lhayespf@bigcartel.com,Trilia
917,Phillip,Roberts,51-(300)868-1320,probertspg@va.gov,Gigashots
918,Melissa,Cunningham,81-(287)896-3801,mcunninghamph@alibaba.com,Lazzy
919,Henry,Mills,86-(427)882-8687,hmillspi@freewebs.com,Yamia
920,Aaron,Wheeler,62-(568)995-8372,awheelerpj@bluehost.com,Katz
921,Chris,Montgomery,995-(772)930-3933,cmontgomerypk@shinystat.com,Voonyx
922,Martha,Simpson,86-(799)640-4467,msimpsonpl@marriott.com,Thoughtstorm
923,Timothy,Adams,62-(895)269-7172,tadamspm@sbwire.com,Jaxspan
924,Sarah,Moreno,850-(852)786-0766,smorenopn@marriott.com,Mycat
925,Scott,Dean,55-(587)112-5097,sdeanpo@wordpress.org,Kanoodle
926,Kathy,Robinson,7-(304)995-3588,krobinsonpp@ning.com,Muxo
927,Carl,Foster,86-(674)479-7208,cfosterpq@youku.com,Skyble
928,Willie,Kelly,687-(508)320-5062,wkellypr@cocolog-nifty.com,Skipfire
929,Louis,Hughes,227-(303)480-9479,lhughesps@si.edu,Eare
930,Louis,Cox,66-(214)870-8047,lcoxpt@mapquest.com,Topiclounge
931,Steve,Young,54-(870)489-8422,syoungpu@noaa.gov,Shufflebeat
932,Norma,Burke,98-(274)115-7462,nburkepv@si.edu,Pixonyx
933,Earl,Butler,86-(956)534-9953,ebutlerpw@hao123.com,Trilith
934,Roy,Little,994-(256)832-3245,rlittlepx@google.ru,Feedmix
935,Ann,Hayes,84-(522)787-5467,ahayespy@cyberchimps.com,Pixonyx
936,Carl,Hansen,62-(247)575-2126,chansenpz@omniture.com,Vidoo
937,Helen,Hamilton,249-(519)939-7793,hhamiltonq0@utexas.edu,Vinte
938,Frances,Lawson,380-(700)926-6142,flawsonq1@patch.com,Browseblab
939,Carolyn,Adams,7-(288)926-5048,cadamsq2@opera.com,Vidoo
940,Kelly,Jones,55-(850)980-5374,kjonesq3@princeton.edu,Tagfeed
941,Stephanie,Hansen,62-(214)526-4562,shansenq4@woothemes.com,Skidoo
942,Anne,Oliver,51-(388)888-9666,aoliverq5@discovery.com,BlogXS
943,George,Jackson,49-(356)132-2626,gjacksonq6@technorati.com,Yakitri
944,Benjamin,Sanders,86-(866)782-4476,bsandersq7@bandcamp.com,Topicblab
945,Mildred,Moreno,57-(782)576-5979,mmorenoq8@hhs.gov,Fanoodle
946,Debra,Perez,81-(404)617-9436,dperezq9@feedburner.com,Dabjam
947,Jane,Martin,66-(539)281-6296,jmartinqa@upenn.edu,Linkbridge
948,Christine,Adams,86-(502)643-1459,cadamsqb@ameblo.jp,Izio
949,Stephen,Patterson,86-(624)256-7048,spattersonqc@about.com,Twimbo
950,Ralph,Rodriguez,58-(953)632-3114,rrodriguezqd@sfgate.com,Topicblab
951,Jeffrey,George,30-(937)565-1901,jgeorgeqe@phpbb.com,Kwimbee
952,Lori,Ruiz,351-(909)607-4888,lruizqf@etsy.com,Jabberstorm
953,Jimmy,Ramirez,62-(724)466-4850,jramirezqg@wikipedia.org,Riffpath
954,Karen,Gilbert,86-(891)381-2801,kgilbertqh@marriott.com,Gabspot
955,Alice,Fernandez,55-(467)929-1718,afernandezqi@icq.com,Mynte
956,Rebecca,Burton,66-(186)261-3090,rburtonqj@intel.com,Buzzshare
957,Marie,Thompson,7-(587)508-9154,mthompsonqk@bizjournals.com,Kayveo
958,Susan,Wallace,86-(574)250-0814,swallaceql@hao123.com,Gigazoom
959,Jack,Nguyen,31-(940)117-3875,jnguyenqm@virginia.edu,Skiptube
960,Terry,Romero,60-(959)392-2931,tromeroqn@alibaba.com,Chatterbridge
961,Mary,Garcia,503-(476)987-3770,mgarciaqo@shutterfly.com,Vitz
962,Lillian,West,48-(484)693-2313,lwestqp@huffingtonpost.com,Cogilith
963,Juan,Stewart,86-(590)406-8166,jstewartqq@addtoany.com,Skinder
964,Joseph,Owens,84-(265)589-0578,jowensqr@istockphoto.com,Quatz
965,Catherine,Moore,225-(717)908-7869,cmooreqs@nba.com,Centidel
966,Joyce,Tucker,55-(910)827-2163,jtuckerqt@sitemeter.com,Browsetype
967,Kevin,Robertson,86-(857)110-7726,krobertsonqu@usa.gov,Skinix
968,Kevin,Graham,1-(602)344-6330,kgrahamqv@engadget.com,Twitterwire
969,Roger,Bailey,58-(345)307-2895,rbaileyqw@ezinearticles.com,Yakijo
970,Evelyn,Simpson,66-(106)696-7214,esimpsonqx@liveinternet.ru,Plajo
971,Thomas,Garza,66-(227)930-0409,tgarzaqy@people.com.cn,Camimbo
972,Clarence,Greene,63-(541)900-3806,cgreeneqz@vinaora.com,Aivee
973,Thomas,Wright,86-(244)257-7426,twrightr0@yale.edu,Gigaclub
974,Phillip,Richards,93-(472)567-5228,prichardsr1@nasa.gov,Wikibox
975,Peter,Porter,33-(683)776-3313,pporterr2@yellowpages.com,Realfire
976,Sharon,Black,46-(643)655-3534,sblackr3@tripadvisor.com,Blogspan
977,Marie,Fields,62-(770)994-1552,mfieldsr4@pagesperso-orange.fr,Ooba
978,Joyce,Sullivan,1-(515)210-9920,jsullivanr5@4shared.com,Mynte
979,Sean,Wright,7-(140)297-5236,swrightr6@e-recht24.de,Gabtune
980,Amy,Ferguson,994-(547)793-7578,afergusonr7@cnet.com,Tambee
981,Scott,Henderson,86-(940)602-7787,shendersonr8@merriam-webster.com,Skidoo
982,Brandon,Long,62-(430)469-3889,blongr9@addthis.com,Topicshots
983,Martha,Lee,33-(705)196-1464,mleera@vinaora.com,Wordtune
984,Jonathan,Price,63-(401)278-2042,jpricerb@economist.com,Edgeclub
985,Teresa,Porter,86-(424)215-1147,tporterrc@dailymotion.com,Skibox
986,Wayne,White,62-(943)293-4639,wwhiterd@shop-pro.jp,Skaboo
987,Nicole,Hawkins,62-(359)107-6861,nhawkinsre@imgur.com,Quamba
988,Maria,Fuller,49-(143)930-0634,mfullerrf@sogou.com,Tazzy
989,Patrick,Warren,7-(964)591-6239,pwarrenrg@umich.edu,Plajo
990,Shawn,Sullivan,970-(896)957-7229,ssullivanrh@microsoft.com,Zoonder
991,Lori,Thomas,86-(996)921-8901,lthomasri@myspace.com,Myworks
992,Henry,Arnold,7-(509)623-7360,harnoldrj@slashdot.org,Minyx
993,Patricia,Ward,33-(966)994-8243,pwardrk@cnn.com,Zoombeat
994,Wanda,Woods,383-(158)465-4945,wwoodsrl@sphinn.com,Jabbersphere
995,Philip,Rogers,98-(624)517-7160,progersrm@ca.gov,Kwideo
996,Amy,Perry,53-(291)508-5645,aperryrn@washington.edu,Blogspan
997,Lillian,Fields,86-(108)864-0122,lfieldsro@facebook.com,Fadeo
998,Virginia,Scott,229-(391)822-6471,vscottrp@blog.com,Tagtune
999,Lawrence,Coleman,359-(482)734-2463,lcolemanrq@narod.ru,Agimba
1000,Ashley,Lane,86-(387)823-1791,alanerr@nbcnews.com,Jabbersphere
